--
-- PostgreSQL database dump
--

-- Dumped from database version 14.1
-- Dumped by pg_dump version 16.2

-- Started on 2024-08-26 07:55:48

SET statement_timeout = 0;
SET lock_timeout = 0;
SET idle_in_transaction_session_timeout = 0;
SET client_encoding = 'UTF8';
SET standard_conforming_strings = on;
SELECT pg_catalog.set_config('search_path', '', false);
SET check_function_bodies = false;
SET xmloption = content;
SET client_min_messages = warning;
SET row_security = off;

--
-- TOC entry 7 (class 2615 OID 17012)
-- Name: Catalogo; Type: SCHEMA; Schema: -; Owner: postgres
--

CREATE SCHEMA "Catalogo";


ALTER SCHEMA "Catalogo" OWNER TO postgres;

--
-- TOC entry 10 (class 2615 OID 17499)
-- Name: Menu; Type: SCHEMA; Schema: -; Owner: postgres
--

CREATE SCHEMA "Menu";


ALTER SCHEMA "Menu" OWNER TO postgres;

--
-- TOC entry 8 (class 2615 OID 17013)
-- Name: PaginaDinamica; Type: SCHEMA; Schema: -; Owner: postgres
--

CREATE SCHEMA "PaginaDinamica";


ALTER SCHEMA "PaginaDinamica" OWNER TO postgres;

--
-- TOC entry 6 (class 2615 OID 17011)
-- Name: Recurso; Type: SCHEMA; Schema: -; Owner: postgres
--

CREATE SCHEMA "Recurso";


ALTER SCHEMA "Recurso" OWNER TO postgres;

--
-- TOC entry 9 (class 2615 OID 17014)
-- Name: Seguro; Type: SCHEMA; Schema: -; Owner: postgres
--

CREATE SCHEMA "Seguro";


ALTER SCHEMA "Seguro" OWNER TO postgres;

--
-- TOC entry 4 (class 2615 OID 2200)
-- Name: public; Type: SCHEMA; Schema: -; Owner: postgres
--

-- *not* creating schema, since initdb creates it


ALTER SCHEMA public OWNER TO postgres;

SET default_tablespace = '';

SET default_table_access_method = heap;

--
-- TOC entry 216 (class 1259 OID 17016)
-- Name: CatTipoRecurso; Type: TABLE; Schema: Catalogo; Owner: postgres
--

CREATE TABLE "Catalogo"."CatTipoRecurso" (
    "Id" integer NOT NULL,
    "Nombre" text NOT NULL,
    "FechaCreacion" timestamp without time zone,
    "CreadoPor" text,
    "FechaModificacion" timestamp without time zone,
    "ModificadoPor" text,
    "Habilitado" boolean DEFAULT false NOT NULL
);


ALTER TABLE "Catalogo"."CatTipoRecurso" OWNER TO postgres;

--
-- TOC entry 215 (class 1259 OID 17015)
-- Name: CatTipoRecurso_Id_seq; Type: SEQUENCE; Schema: Catalogo; Owner: postgres
--

ALTER TABLE "Catalogo"."CatTipoRecurso" ALTER COLUMN "Id" ADD GENERATED BY DEFAULT AS IDENTITY (
    SEQUENCE NAME "Catalogo"."CatTipoRecurso_Id_seq"
    START WITH 1
    INCREMENT BY 1
    NO MINVALUE
    NO MAXVALUE
    CACHE 1
);


--
-- TOC entry 218 (class 1259 OID 17024)
-- Name: CatTipoSeccion; Type: TABLE; Schema: Catalogo; Owner: postgres
--

CREATE TABLE "Catalogo"."CatTipoSeccion" (
    "Id" integer NOT NULL,
    "Nombre" text NOT NULL,
    "Descripcion" text NOT NULL,
    "FechaCreacion" timestamp without time zone,
    "CreadoPor" text,
    "FechaModificacion" timestamp without time zone,
    "ModificadoPor" text,
    "Habilitado" boolean DEFAULT false NOT NULL
);


ALTER TABLE "Catalogo"."CatTipoSeccion" OWNER TO postgres;

--
-- TOC entry 217 (class 1259 OID 17023)
-- Name: CatTipoSeccion_Id_seq; Type: SEQUENCE; Schema: Catalogo; Owner: postgres
--

ALTER TABLE "Catalogo"."CatTipoSeccion" ALTER COLUMN "Id" ADD GENERATED BY DEFAULT AS IDENTITY (
    SEQUENCE NAME "Catalogo"."CatTipoSeccion_Id_seq"
    START WITH 1
    INCREMENT BY 1
    NO MINVALUE
    NO MAXVALUE
    CACHE 1
);


--
-- TOC entry 236 (class 1259 OID 17485)
-- Name: CatTipoSeguro; Type: TABLE; Schema: Catalogo; Owner: postgres
--

CREATE TABLE "Catalogo"."CatTipoSeguro" (
    "Id" integer NOT NULL,
    "Nombre" text NOT NULL,
    "Habilitado" boolean NOT NULL,
    "FechaCreacion" timestamp without time zone,
    "CreadoPor" text,
    "FechaModificacion" timestamp without time zone,
    "ModificadoPor" text
);


ALTER TABLE "Catalogo"."CatTipoSeguro" OWNER TO postgres;

--
-- TOC entry 235 (class 1259 OID 17484)
-- Name: CatTipoSeguro_Id_seq; Type: SEQUENCE; Schema: Catalogo; Owner: postgres
--

ALTER TABLE "Catalogo"."CatTipoSeguro" ALTER COLUMN "Id" ADD GENERATED BY DEFAULT AS IDENTITY (
    SEQUENCE NAME "Catalogo"."CatTipoSeguro_Id_seq"
    START WITH 1
    INCREMENT BY 1
    NO MINVALUE
    NO MAXVALUE
    CACHE 1
);


--
-- TOC entry 238 (class 1259 OID 17630)
-- Name: MenuPrincipal; Type: TABLE; Schema: Menu; Owner: postgres
--

CREATE TABLE "Menu"."MenuPrincipal" (
    "Id" integer NOT NULL,
    "Nombre" text NOT NULL,
    "Url" text,
    "IdPadre" integer,
    "Habilitado" boolean NOT NULL,
    "Visible" boolean NOT NULL,
    "Orden" integer NOT NULL,
    "FechaCreacion" timestamp without time zone,
    "CreadoPor" text,
    "FechaModificacion" timestamp without time zone,
    "ModificadoPor" text,
    "IdPaginaDinamica" integer,
    "IdSeguro" integer
);


ALTER TABLE "Menu"."MenuPrincipal" OWNER TO postgres;

--
-- TOC entry 237 (class 1259 OID 17629)
-- Name: MenuPrincipal_Id_seq; Type: SEQUENCE; Schema: Menu; Owner: postgres
--

ALTER TABLE "Menu"."MenuPrincipal" ALTER COLUMN "Id" ADD GENERATED BY DEFAULT AS IDENTITY (
    SEQUENCE NAME "Menu"."MenuPrincipal_Id_seq"
    START WITH 1
    INCREMENT BY 1
    NO MINVALUE
    NO MAXVALUE
    CACHE 1
);


--
-- TOC entry 234 (class 1259 OID 17141)
-- Name: Datos; Type: TABLE; Schema: PaginaDinamica; Owner: postgres
--

CREATE TABLE "PaginaDinamica"."Datos" (
    "Id" integer NOT NULL,
    "DatoTexto" text,
    "DatoFechaHora" timestamp with time zone,
    "DatoUrl" text,
    "RecursoId" integer,
    "SeccionId" integer NOT NULL,
    "Fila" integer NOT NULL,
    "Columna" integer NOT NULL,
    "FechaCreacion" timestamp without time zone,
    "CreadoPor" text,
    "FechaModificacion" timestamp without time zone,
    "ModificadoPor" text
);


ALTER TABLE "PaginaDinamica"."Datos" OWNER TO postgres;

--
-- TOC entry 233 (class 1259 OID 17140)
-- Name: Datos_Id_seq; Type: SEQUENCE; Schema: PaginaDinamica; Owner: postgres
--

ALTER TABLE "PaginaDinamica"."Datos" ALTER COLUMN "Id" ADD GENERATED BY DEFAULT AS IDENTITY (
    SEQUENCE NAME "PaginaDinamica"."Datos_Id_seq"
    START WITH 1
    INCREMENT BY 1
    NO MINVALUE
    NO MAXVALUE
    CACHE 1
);


--
-- TOC entry 220 (class 1259 OID 17040)
-- Name: PaginasDinamicas; Type: TABLE; Schema: PaginaDinamica; Owner: postgres
--

CREATE TABLE "PaginaDinamica"."PaginasDinamicas" (
    "Id" integer NOT NULL,
    "Nombre" text NOT NULL,
    "FechaCreacion" timestamp without time zone,
    "CreadoPor" text,
    "FechaModificacion" timestamp without time zone,
    "ModificadoPor" text,
    "Habilitado" boolean DEFAULT false NOT NULL
);


ALTER TABLE "PaginaDinamica"."PaginasDinamicas" OWNER TO postgres;

--
-- TOC entry 219 (class 1259 OID 17039)
-- Name: PaginasDinamicas_Id_seq; Type: SEQUENCE; Schema: PaginaDinamica; Owner: postgres
--

ALTER TABLE "PaginaDinamica"."PaginasDinamicas" ALTER COLUMN "Id" ADD GENERATED BY DEFAULT AS IDENTITY (
    SEQUENCE NAME "PaginaDinamica"."PaginasDinamicas_Id_seq"
    START WITH 1
    INCREMENT BY 1
    NO MINVALUE
    NO MAXVALUE
    CACHE 1
);


--
-- TOC entry 226 (class 1259 OID 17069)
-- Name: Secciones; Type: TABLE; Schema: PaginaDinamica; Owner: postgres
--

CREATE TABLE "PaginaDinamica"."Secciones" (
    "Id" integer NOT NULL,
    "CatTipoSeccionId" integer NOT NULL,
    "Nombre" text NOT NULL,
    "Titulo" text,
    "SubTitulo" text,
    "Clase" text,
    "PaginaDinamicaId" integer NOT NULL,
    "Orden" integer NOT NULL,
    "FechaCreacion" timestamp without time zone,
    "CreadoPor" text,
    "FechaModificacion" timestamp without time zone,
    "ModificadoPor" text,
    "Habilitado" boolean DEFAULT false NOT NULL
);


ALTER TABLE "PaginaDinamica"."Secciones" OWNER TO postgres;

--
-- TOC entry 225 (class 1259 OID 17068)
-- Name: Secciones_Id_seq; Type: SEQUENCE; Schema: PaginaDinamica; Owner: postgres
--

ALTER TABLE "PaginaDinamica"."Secciones" ALTER COLUMN "Id" ADD GENERATED BY DEFAULT AS IDENTITY (
    SEQUENCE NAME "PaginaDinamica"."Secciones_Id_seq"
    START WITH 1
    INCREMENT BY 1
    NO MINVALUE
    NO MAXVALUE
    CACHE 1
);


--
-- TOC entry 232 (class 1259 OID 17118)
-- Name: BannerPagina; Type: TABLE; Schema: Recurso; Owner: postgres
--

CREATE TABLE "Recurso"."BannerPagina" (
    "Id" integer NOT NULL,
    "PaginaDinamicaId" integer,
    "SeguroId" integer,
    "RecursoId" integer NOT NULL,
    "FechaCreacion" timestamp without time zone,
    "CreadoPor" text,
    "FechaModificacion" timestamp without time zone,
    "ModificadoPor" text,
    "SubTitulo" text DEFAULT ''::text NOT NULL,
    "Titulo" text DEFAULT ''::text NOT NULL
);


ALTER TABLE "Recurso"."BannerPagina" OWNER TO postgres;

--
-- TOC entry 231 (class 1259 OID 17117)
-- Name: BannerPagina_Id_seq; Type: SEQUENCE; Schema: Recurso; Owner: postgres
--

ALTER TABLE "Recurso"."BannerPagina" ALTER COLUMN "Id" ADD GENERATED BY DEFAULT AS IDENTITY (
    SEQUENCE NAME "Recurso"."BannerPagina_Id_seq"
    START WITH 1
    INCREMENT BY 1
    NO MINVALUE
    NO MAXVALUE
    CACHE 1
);


--
-- TOC entry 224 (class 1259 OID 17056)
-- Name: Recursos; Type: TABLE; Schema: Recurso; Owner: postgres
--

CREATE TABLE "Recurso"."Recursos" (
    "Id" integer NOT NULL,
    "Nombre" text NOT NULL,
    "CatTipoRecursoId" integer NOT NULL,
    "RecursoEscritorio" text NOT NULL,
    "RecursoMovil" text,
    "FechaCreacion" timestamp without time zone,
    "CreadoPor" text,
    "FechaModificacion" timestamp without time zone,
    "ModificadoPor" text
);


ALTER TABLE "Recurso"."Recursos" OWNER TO postgres;

--
-- TOC entry 223 (class 1259 OID 17055)
-- Name: Recursos_Id_seq; Type: SEQUENCE; Schema: Recurso; Owner: postgres
--

ALTER TABLE "Recurso"."Recursos" ALTER COLUMN "Id" ADD GENERATED BY DEFAULT AS IDENTITY (
    SEQUENCE NAME "Recurso"."Recursos_Id_seq"
    START WITH 1
    INCREMENT BY 1
    NO MINVALUE
    NO MAXVALUE
    CACHE 1
);


--
-- TOC entry 228 (class 1259 OID 17087)
-- Name: Planes; Type: TABLE; Schema: Seguro; Owner: postgres
--

CREATE TABLE "Seguro"."Planes" (
    "Id" integer NOT NULL,
    "SeguroId" integer NOT NULL,
    "Titulo" text NOT NULL,
    "SubTitulo" text NOT NULL,
    "Precio" numeric NOT NULL,
    "Cobertura" text NOT NULL,
    "FechaCreacion" timestamp without time zone,
    "CreadoPor" text,
    "FechaModificacion" timestamp without time zone,
    "ModificadoPor" text,
    "Orden" integer DEFAULT 0 NOT NULL,
    "Habilitado" boolean DEFAULT false NOT NULL
);


ALTER TABLE "Seguro"."Planes" OWNER TO postgres;

--
-- TOC entry 227 (class 1259 OID 17086)
-- Name: Planes_Id_seq; Type: SEQUENCE; Schema: Seguro; Owner: postgres
--

ALTER TABLE "Seguro"."Planes" ALTER COLUMN "Id" ADD GENERATED BY DEFAULT AS IDENTITY (
    SEQUENCE NAME "Seguro"."Planes_Id_seq"
    START WITH 1
    INCREMENT BY 1
    NO MINVALUE
    NO MAXVALUE
    CACHE 1
);


--
-- TOC entry 230 (class 1259 OID 17100)
-- Name: SeguroDetalles; Type: TABLE; Schema: Seguro; Owner: postgres
--

CREATE TABLE "Seguro"."SeguroDetalles" (
    "Id" integer NOT NULL,
    "SeguroId" integer NOT NULL,
    "Titulo" text NOT NULL,
    "Respuesta" text NOT NULL,
    "FechaCreacion" timestamp without time zone,
    "CreadoPor" text,
    "FechaModificacion" timestamp without time zone,
    "ModificadoPor" text,
    "Orden" integer DEFAULT 0 NOT NULL
);


ALTER TABLE "Seguro"."SeguroDetalles" OWNER TO postgres;

--
-- TOC entry 229 (class 1259 OID 17099)
-- Name: SeguroDetalles_Id_seq; Type: SEQUENCE; Schema: Seguro; Owner: postgres
--

ALTER TABLE "Seguro"."SeguroDetalles" ALTER COLUMN "Id" ADD GENERATED BY DEFAULT AS IDENTITY (
    SEQUENCE NAME "Seguro"."SeguroDetalles_Id_seq"
    START WITH 1
    INCREMENT BY 1
    NO MINVALUE
    NO MAXVALUE
    CACHE 1
);


--
-- TOC entry 222 (class 1259 OID 17048)
-- Name: Seguros; Type: TABLE; Schema: Seguro; Owner: postgres
--

CREATE TABLE "Seguro"."Seguros" (
    "Id" integer NOT NULL,
    "Nombre" text NOT NULL,
    "FechaCreacion" timestamp without time zone,
    "CreadoPor" text,
    "FechaModificacion" timestamp without time zone,
    "ModificadoPor" text,
    "NombreCorto" text DEFAULT ''::text NOT NULL,
    "DetalleAdicional" text DEFAULT ''::text NOT NULL,
    "Icono" text,
    "Orden" integer DEFAULT 0 NOT NULL,
    "RecursoId" integer,
    "Habilitado" boolean DEFAULT false NOT NULL,
    "CatTipoSeguroId" integer DEFAULT 0 NOT NULL
);


ALTER TABLE "Seguro"."Seguros" OWNER TO postgres;

--
-- TOC entry 221 (class 1259 OID 17047)
-- Name: Seguros_Id_seq; Type: SEQUENCE; Schema: Seguro; Owner: postgres
--

ALTER TABLE "Seguro"."Seguros" ALTER COLUMN "Id" ADD GENERATED BY DEFAULT AS IDENTITY (
    SEQUENCE NAME "Seguro"."Seguros_Id_seq"
    START WITH 1
    INCREMENT BY 1
    NO MINVALUE
    NO MAXVALUE
    CACHE 1
);


--
-- TOC entry 214 (class 1259 OID 17006)
-- Name: __EFMigrationsHistory; Type: TABLE; Schema: public; Owner: postgres
--

CREATE TABLE public."__EFMigrationsHistory" (
    "MigrationId" character varying(150) NOT NULL,
    "ProductVersion" character varying(32) NOT NULL
);


ALTER TABLE public."__EFMigrationsHistory" OWNER TO postgres;

--
-- TOC entry 3439 (class 0 OID 17016)
-- Dependencies: 216
-- Data for Name: CatTipoRecurso; Type: TABLE DATA; Schema: Catalogo; Owner: postgres
--

COPY "Catalogo"."CatTipoRecurso" ("Id", "Nombre", "FechaCreacion", "CreadoPor", "FechaModificacion", "ModificadoPor", "Habilitado") FROM stdin;
1	Imagen	\N	\N	\N	\N	f
2	Video	\N	\N	\N	\N	f
3	Archivo	\N	\N	\N	\N	f
\.


--
-- TOC entry 3441 (class 0 OID 17024)
-- Dependencies: 218
-- Data for Name: CatTipoSeccion; Type: TABLE DATA; Schema: Catalogo; Owner: postgres
--

COPY "Catalogo"."CatTipoSeccion" ("Id", "Nombre", "Descripcion", "FechaCreacion", "CreadoPor", "FechaModificacion", "ModificadoPor", "Habilitado") FROM stdin;
1	SeccionContenidoTipo3	2 columnas	\N	\N	\N	\N	f
2	SeccionSliderTipo1	Seccion slider tipo 1	\N	\N	\N	\N	f
3	SeccionSliderTipo2	Seccion slider tipo 2	\N	\N	\N	\N	f
4	SeccionAcordeonTipo1	Seccion acordeon tipo 1	\N	\N	\N	\N	f
\.


--
-- TOC entry 3459 (class 0 OID 17485)
-- Dependencies: 236
-- Data for Name: CatTipoSeguro; Type: TABLE DATA; Schema: Catalogo; Owner: postgres
--

COPY "Catalogo"."CatTipoSeguro" ("Id", "Nombre", "Habilitado", "FechaCreacion", "CreadoPor", "FechaModificacion", "ModificadoPor") FROM stdin;
1	Seguro de Vida	t	\N	\N	\N	\N
2	Seguro de Accidentes Personales	t	\N	\N	\N	\N
3	Otros Seguros	t	\N	\N	\N	\N
\.


--
-- TOC entry 3461 (class 0 OID 17630)
-- Dependencies: 238
-- Data for Name: MenuPrincipal; Type: TABLE DATA; Schema: Menu; Owner: postgres
--

COPY "Menu"."MenuPrincipal" ("Id", "Nombre", "Url", "IdPadre", "Habilitado", "Visible", "Orden", "FechaCreacion", "CreadoPor", "FechaModificacion", "ModificadoPor", "IdPaginaDinamica", "IdSeguro") FROM stdin;
9	Seguro de Desgravamen	desgravamen	4	t	t	0	\N	\N	\N	\N	\N	\N
10	Seguro de Cesantía	cesantia	4	t	t	0	\N	\N	\N	\N	\N	\N
12	Soatc	soatc	5	t	t	0	\N	\N	\N	\N	\N	\N
14	Precios Soat	precios	11	t	t	0	\N	\N	\N	\N	\N	\N
15	Puntos de venta	puntos-de-venta	11	t	t	0	\N	\N	\N	\N	\N	\N
16	Historia	historia	6	t	t	0	\N	\N	\N	\N	\N	\N
17	Misión, Visión y Valores	mision-vision-valores	6	t	t	0	\N	\N	\N	\N	\N	\N
18	Objetivos Estratégicos	objetivos-estrategicos	6	t	t	0	\N	\N	\N	\N	\N	\N
19	Directorio y Plantel Ejecutivo	directorio-plantel-ejecutivo	6	t	t	0	\N	\N	\N	\N	\N	\N
20	Estructura Orgánica	estructura-organica	6	t	t	0	\N	\N	\N	\N	\N	\N
21	Grupo Financiero Unión	grupo-financiero-union	6	t	t	0	\N	\N	\N	\N	\N	\N
22	Gestión Normativa	gestion-normativa	6	t	t	0	\N	\N	\N	\N	\N	\N
23	Memorias Empresariales	memorias-empresariales	6	t	t	0	\N	\N	\N	\N	\N	\N
24	Descargar Memoria	descargar-memoria	23	t	t	0	\N	\N	\N	\N	\N	\N
3	Inicio	\N	\N	t	t	1	\N	\N	\N	\N	\N	\N
4	Nuestros Seguros	nuestros-seguros	\N	t	t	2	\N	\N	\N	\N	\N	\N
5	Seguros Obligatorios	seguros-obligatorios	\N	t	t	3	\N	\N	\N	\N	\N	\N
6	Sobre la Empresa	empresa	\N	t	t	4	\N	\N	\N	\N	\N	\N
7	Seguro de Accidentes Personales	accidentes-personales	4	t	t	0	\N	\N	\N	\N	\N	1
8	Seguro de Vida	vida	4	t	t	0	\N	\N	\N	\N	\N	2
11	Soat	soat	5	t	t	0	\N	\N	\N	\N	1	\N
13	Comprar Soat	comprar	11	t	t	0	\N	\N	\N	\N	\N	\N
25	prueba		\N	t	t	0	\N	\N	\N	\N	\N	\N
26	5		\N	t	t	0	\N	\N	\N	\N	\N	\N
\.


--
-- TOC entry 3457 (class 0 OID 17141)
-- Dependencies: 234
-- Data for Name: Datos; Type: TABLE DATA; Schema: PaginaDinamica; Owner: postgres
--

COPY "PaginaDinamica"."Datos" ("Id", "DatoTexto", "DatoFechaHora", "DatoUrl", "RecursoId", "SeccionId", "Fila", "Columna", "FechaCreacion", "CreadoPor", "FechaModificacion", "ModificadoPor") FROM stdin;
1	¿Qué es el **SOAT**?	\N	\N	\N	1	0	0	\N	\N	\N	\N
2	El artículo 37 de la Ley N° 1883 de Seguros, señala que el SOAT es el “Seguro Obligatorio de Accidentes de Tránsito” que todo vehículo motorizado, público y/o privado, debe contar con carácter obligatorio, para poder transitar por vías públicas del territorio boliviano. Además, la norma señala que, el Seguro es incuestionable y de beneficio uniforme con coberturas por muerte, incapacidad total permanente y gastos médicos.	\N	\N	\N	1	0	1	\N	\N	\N	\N
3	¿Qué necesitas para adquirir el **SOAT?**	\N	\N	\N	1	1	0	\N	\N	\N	\N
5	¿Qué cubre **el SOAT?**	\N	\N	\N	1	2	0	\N	\N	\N	\N
6	- Si falleces por causa de un accidente automovilístico, tus beneficiarios reciben una indemnización de Bs. 22.000\n- Te indemnizamos en caso de invalidez total y permanente con un monto de Bs. 22.000\n- Te indemnizamos con gastos médicos con un monto de hasta Bs. 24.000	\N	\N	\N	1	2	1	\N	\N	\N	\N
7	Requisitos para cambio de uso **PARTICULAR a PÚBLICO o PÚBLICO a PARTICULAR**	\N	\N	\N	1	3	0	\N	\N	\N	\N
8	- Certificado de extravío de la FELC\n- Depósito de Bs.20 (veinte bolivianos 00/100) a la cuenta 1-25041009 del Banco Unión S.A.\n- Comprobante factura SOAT\n- Fotocopia de RUAT\n- Fotocopia de la Cédula de Identidad	\N	\N	\N	1	3	1	\N	\N	\N	\N
9	Página Web	\N	\N	\N	2	0	0	\N	\N	\N	\N
10	bi bi-globe	\N	\N	\N	2	0	1	\N	\N	\N	\N
11	\N	\N	\N	2	2	0	2	\N	\N	\N	\N
12	COMPRAR SOAT	\N	comprar-soat	\N	2	0	3	\N	\N	\N	\N
13	UNIVidaApp	\N	\N	\N	2	1	0	\N	\N	\N	\N
14	bi bi-phone	\N	\N	\N	2	1	1	\N	\N	\N	\N
15	\N	\N	\N	3	2	1	2	\N	\N	\N	\N
16	DESCARGAR APP	\N	descarga-app	\N	2	1	3	\N	\N	\N	\N
17	Puntos de venta	\N	\N	\N	2	2	0	\N	\N	\N	\N
18	bi bi-geo-alt	\N	\N	\N	2	2	1	\N	\N	\N	\N
19	\N	\N	\N	4	2	2	2	\N	\N	\N	\N
20	Ver Puntos	\N	soat/puntos-de-venta	\N	2	2	3	\N	\N	\N	\N
21	Redes Sociales	\N	\N	\N	2	3	0	\N	\N	\N	\N
22	bi bi-chat-left-dots	\N	\N	\N	2	3	1	\N	\N	\N	\N
23	\N	\N	\N	5	2	3	2	\N	\N	\N	\N
24	VER MÁS	\N	soat/redes-sociales	\N	2	3	3	\N	\N	\N	\N
25	Precios SOAT	\N	\N	\N	3	0	0	\N	\N	\N	\N
26	Verifica el precio del SOAT para tu motorizado	\N	\N	\N	3	0	1	\N	\N	\N	\N
27	bi bi-cash-coin	\N	\N	\N	3	0	2	\N	\N	\N	\N
28	\N	\N	\N	6	3	0	3	\N	\N	\N	\N
29	VER MÁS	\N	soat/precios	\N	3	0	4	\N	\N	\N	\N
30	Datos Vehículo	\N	\N	\N	3	1	0	\N	\N	\N	\N
31	Modifica los datos de tu motorizado	\N	\N	\N	3	1	1	\N	\N	\N	\N
32	bi bi-car-front	\N	\N	\N	3	1	2	\N	\N	\N	\N
33	\N	\N	\N	7	3	1	3	\N	\N	\N	\N
34	VER MÁS	\N	soat/datos	\N	3	1	4	\N	\N	\N	\N
35	Comprobante SOAT	\N	\N	\N	3	2	0	\N	\N	\N	\N
36	Adquiere el comprobante SOAT	\N	\N	\N	3	2	1	\N	\N	\N	\N
37	bi bi-file-text	\N	\N	\N	3	2	2	\N	\N	\N	\N
38	\N	\N	\N	8	3	2	3	\N	\N	\N	\N
39	VER MÁS	\N	soat/comprobante	\N	3	2	4	\N	\N	\N	\N
40	Paso 1 - Succeso del accidente de tránsito	\N	\N	\N	4	0	0	\N	\N	\N	\N
41	- Las víctimas deben ser auxiliadas al centro médico más cercano\n- Dar aviso del siniestro al Organismo Operativo de Tránsito	\N	\N	\N	4	0	1	\N	\N	\N	\N
42	Paso 2 - Dar aviso del siniestro a Seguros y Reaseguros Personales UNIVIDA S.A. a través de:	\N	\N	\N	4	1	0	\N	\N	\N	\N
43	- Línea gratuita del Call Center 800-10-8444 (habilitado las 24 horas y los 7 días de la semana)\n- Correo electrónico o Página Web\n- Sucursales y agencias de UNIVIDA S.A. de lunes a viernes en horarios de oficina\n    \n**Personas que pueden realizar la denuncia:**\n- Personal del centro médico\n- Personal del Organismo Operativo de Tránsito \n- Víctimas\n- Conductor o propietario del vehículo\n- Cualquier persona que acredite interés legal \n\n**Datos que debe proporcionar:**\n- Nombre completo del accidentado\n- Número de placa o número de roseta del vehículo\n- Denuncia realizada a Tránsito\n- Fecha de ocurrencia y descripción del hecho\n- Centro médico al que fue evacuado el accidentado\n- Datos de contacto del denunciante\n    \n    **Nota:** El plazo para realizar la denuncia es de 15 días luego del suceso del accidente.	\N	\N	\N	4	1	1	\N	\N	\N	\N
44	Paso 3 - Apertura del reclamo y verificación de causales de exclusión de cobertura	\N	\N	\N	4	2	0	\N	\N	\N	\N
45	Con el aviso del siniestro, se procede a la asignación del código correspondiente al reclamo y a la apertura física del file con la documentación presentada. A su vez, se evalúan las circunstancias en las que ocurrió el siniestro para su cobertura, verificándose si éstas se enmarcan en alguna de las causales de exclusión de cobertura señaladas en el artículo 32 del Decreto Supremo 27295 de 20 de diciembre de 2003.	\N	\N	\N	4	2	1	\N	\N	\N	\N
46	Paso 4 - Entrega de formulario de requisitos para la cobertura	\N	\N	\N	4	3	0	\N	\N	\N	\N
47	De acuerdo a la evaluación del siniestro y las coberturas requeridas, se entrega al cliente el formulario con la documentación necesaria para otorgar la cobertura correspondiente, de conformidad al artículo 29 del Decreto Supremo 27295 de 20 de diciembre de 2003.	\N	\N	\N	4	3	1	\N	\N	\N	\N
48	Paso 5 - Entrega de la documentación	\N	\N	\N	4	4	0	\N	\N	\N	\N
49	**Heridos**\n- Documento que identifique al herido\n- Certificado emitido por el organismo operativo de tránsito\n- Certificado médico\n    \n    En caso de víctimas que hayan cancelado al centro médico se solicitará recibos y/o facturas a nombre de Seguros y Reaseguros Personales UNIVIDA S.A. al Nº de NIT 301204024.\n\n**Fallecidos**\n- Documento que identifique al fallecido\n- Certificado emitido por el organismo operativo de tránsito\n- Certificado médico forense o certificado médico (si corresponde)\n\n**Incapacidad total y permanente**\n- Documento que identifique al herido\n- Certificado emitido por el organismo operativo de tránsito\n- Dictamen de calificación de incapacidad emitido por la EEC\n    \n    Seguros y reaseguros UNIVIDA S.A. A requerimiento de la víctima solicitará la calificación de incapacidad de conformidad al artículo 26 del D.S. 27295.	\N	\N	\N	4	4	1	\N	\N	\N	\N
50	Paso 6 - Pago de la indemnización	\N	\N	\N	4	5	0	\N	\N	\N	\N
51	El plazo para el pago es de 15 días hábiles a partir de la recepción de todos los documentos necesarios.\n\n**Indemnización por gastos médicos**\n- Pago de las proformas al centro médico\n- En caso de recibos y/o facturas de las víctimas se procede a su reembolso\n\n**Indemnización por fallecimiento**\n- Pago a los derechohabientes del fallecido\n\nEn caso de existir conflicto de intereses entre los derechohabientes se realiza un depósito judicial.\n\n**Indemnización por incapacidad permanente**\n- Pago de la indemnización a la víctima	\N	\N	\N	4	5	1	\N	\N	\N	\N
52	Paso 7 - Ejercicio del Derecho de Repetición	\N	\N	\N	4	6	0	\N	\N	\N	\N
53	Se verifica la conclusión del reclamo con el pago de todas las indemnizaciones del siniestro. Inicio del proceso de repetición ante la autoridad competente. En caso de existir causales de repetición.	\N	\N	\N	4	6	1	\N	\N	\N	\N
4	* **RENOVACIÓN**\n  Aquellos propietarios cuyo vehículo(s) ya cuente con el SOAT de la gestión anterior y con la respectiva ROSETA, podrán adquirir su SOAT solamente dictando o digitando el número de placa de su vehículo, en cualquiera de los puntos de comercialización presenciales y digitales, habilitados y autorizados\n* **COMPRA NUEVA**\n  Para aquellos propietarios de vehículos que adquieran el SOAT por primera vez (Vehículos\n  recién importados, vehículos que salgan de taller de carrozado, de reconstrucción por\n  accidente o que por alguna otra razón no hayan tramitado el SOAT correspondiente en\n  gestiones anteriores), deberán presentar cualquier documento que identifque al vehículo,\n  por ejemplo: RUAT, FVR o Póliza de importación y deberán hacerlo solamente en\n  sucursales y agencias de UNIVIDA S.A. para recabar la ROSETA correspondiente, además de\n  actualizar los datos del vehículo	2024-08-24 05:56:47.072+00		\N	1	1	1	\N	\N	2024-08-24 01:57:02.097156	\N
61	1. 1qdasdasdasd\n2. asdasdasdasd\n3. asdasdasda\n4. sdasdasdasd\n5. 322222 **<u>2asdasdasdasd</u>**	2024-08-01 03:53:58.05+00		\N	1	0	2	\N	\N	2024-08-24 03:13:10.115419	\N
\.


--
-- TOC entry 3443 (class 0 OID 17040)
-- Dependencies: 220
-- Data for Name: PaginasDinamicas; Type: TABLE DATA; Schema: PaginaDinamica; Owner: postgres
--

COPY "PaginaDinamica"."PaginasDinamicas" ("Id", "Nombre", "FechaCreacion", "CreadoPor", "FechaModificacion", "ModificadoPor", "Habilitado") FROM stdin;
1	S O A T	\N	\N	2024-07-26 10:45:11.460086	\N	t
2	Historia	\N	\N	2024-07-26 10:45:17.235773	\N	f
3	Prueba 22	\N	\N	2024-07-26 10:45:20.624362	\N	t
\.


--
-- TOC entry 3449 (class 0 OID 17069)
-- Dependencies: 226
-- Data for Name: Secciones; Type: TABLE DATA; Schema: PaginaDinamica; Owner: postgres
--

COPY "PaginaDinamica"."Secciones" ("Id", "CatTipoSeccionId", "Nombre", "Titulo", "SubTitulo", "Clase", "PaginaDinamicaId", "Orden", "FechaCreacion", "CreadoPor", "FechaModificacion", "ModificadoPor", "Habilitado") FROM stdin;
1	1	Seccion compra Soat				1	0	\N	\N	2024-07-26 19:01:24.008504	\N	t
3	3	Servicios Soat	SERVICIOS SOAT\n	Explora nuestros servicios\nrelacionados con el SOAT		1	2	\N	\N	2024-07-26 13:04:30.267267	\N	t
4	4	Sección Accidentes\n	ACCIDENTES DE TRÁNSITO\n	¿Qué hacer en caso de\nun accidente de tránsito?		1	3	\N	\N	2024-07-26 13:04:34.038104	\N	t
2	2	Información Soat	¿CÓMO ADQUIRIR EL SOAT?\n	Opciones para obtener tu\nSOAT de manera rápida y sencilla		1	1	\N	\N	2024-07-26 17:46:27.063625	\N	t
\.


--
-- TOC entry 3455 (class 0 OID 17118)
-- Dependencies: 232
-- Data for Name: BannerPagina; Type: TABLE DATA; Schema: Recurso; Owner: postgres
--

COPY "Recurso"."BannerPagina" ("Id", "PaginaDinamicaId", "SeguroId", "RecursoId", "FechaCreacion", "CreadoPor", "FechaModificacion", "ModificadoPor", "SubTitulo", "Titulo") FROM stdin;
1	1	\N	1	\N	\N	\N	\N		S O A T
2	\N	1	1	\N	\N	\N	\N		Seguro de Vida Individual
\.


--
-- TOC entry 3447 (class 0 OID 17056)
-- Dependencies: 224
-- Data for Name: Recursos; Type: TABLE DATA; Schema: Recurso; Owner: postgres
--

COPY "Recurso"."Recursos" ("Id", "Nombre", "CatTipoRecursoId", "RecursoEscritorio", "RecursoMovil", "FechaCreacion", "CreadoPor", "FechaModificacion", "ModificadoPor") FROM stdin;
1	baner prueba	1	/assets/images/backgrounds/page-header-bg.jpg	\N	\N	\N	\N	\N
2	Compra soat	1	/assets/images/soat/compra-web.jpg	\N	\N	\N	\N	\N
3	Descarga App	1	/assets/images/soat/unividaapp.jpg	\N	\N	\N	\N	\N
4	Puntos de venta	1	/assets/images/soat/puntos.jpg	\N	\N	\N	\N	\N
5	Redes sociales	1	/assets/images/soat/facebook-whatsapp.jpg	\N	\N	\N	\N	\N
7	Datos SOAT	1	/assets/images/soat/datos-vehiculo.jpg	\N	\N	\N	\N	\N
8	Comprobante SOAT	1	/assets/images/soat/comprobante-soat.jpg	\N	\N	\N	\N	\N
6	Precios SOAT	1	/assets/images/soat/precios-soat.jpg	\N	\N	\N	\N	\N
\.


--
-- TOC entry 3451 (class 0 OID 17087)
-- Dependencies: 228
-- Data for Name: Planes; Type: TABLE DATA; Schema: Seguro; Owner: postgres
--

COPY "Seguro"."Planes" ("Id", "SeguroId", "Titulo", "SubTitulo", "Precio", "Cobertura", "FechaCreacion", "CreadoPor", "FechaModificacion", "ModificadoPor", "Orden", "Habilitado") FROM stdin;
1	1	Plan A	PRECIO ANUAL (POR PERSONA)	45	- Muerte por cualquier causa **Bs.15.000**\n- Invalidez total y permanente **Bs.7.500**\n- Gastos de sepelio **Bs.1.500**	\N	\N	\N	\N	0	f
2	1	Plan B	 PRECIO ANUAL (POR PERSONA)	90	- Muerte por cualquier causa **Bs.30.000**\n- Invalidez total y permanente **Bs.15.000**\n- Gastos de sepelio **Bs.3.000**	\N	\N	\N	\N	0	f
\.


--
-- TOC entry 3453 (class 0 OID 17100)
-- Dependencies: 230
-- Data for Name: SeguroDetalles; Type: TABLE DATA; Schema: Seguro; Owner: postgres
--

COPY "Seguro"."SeguroDetalles" ("Id", "SeguroId", "Titulo", "Respuesta", "FechaCreacion", "CreadoPor", "FechaModificacion", "ModificadoPor", "Orden") FROM stdin;
1	1	¿Qué es el **Seguro de\nAccidentes Personales?**	Es un plan de protección creado para usted y su familia, consistente en otorgar un apoyo económico a la familia del asegurado ante el fallecimiento de este por cualquier causa (salvo exclusiones específicas). \n\nPor ejemplo, con el **Plan A** de nuestro Seguro de Vida Individual, en caso de invalidez total y permanente el asegurado recibirá un monto de **Bs.7.500**. En caso de fallecimiento la empresa pagará **Bs.15.000** a los beneficiarios, además de **Bs.1.500** para gastos de sepelio.\n	\N	\N	\N	\N	0
2	1	¿Qué cubre el **Seguro \nde Vida Individual?**	- En caso de muerte por cualquier causa, tus beneficiarios reciben una indemnización.\n- Te indemnizamos en caso de invalidez total y permanente.\n- Indemnizamos a tus beneficiarios con gastos de sepelio.\n	\N	\N	\N	\N	0
3	1	¿Cómo \n**asegurarte?**	- Presenta la fotocopia de tu Cédula de Identidad vigente.\n- Llena los formularios que serán proporcionados por nuestra entidad.	\N	\N	\N	\N	0
4	1	**Exclusiones** del \nSeguro de Vida \nIndividual	- Intervención directa o indirecta del Asegurado en actos delictuosos y/o penados por Ley.\n- Accidentes ocurridos con anterioridad al inicio de la Cobertura Individual del Asegurado y sus posteriores repercusiones.\n- Además de las exclusiones señaladas en las Condiciones Generales de la Póliza del Seguro.	\N	\N	\N	\N	0
\.


--
-- TOC entry 3445 (class 0 OID 17048)
-- Dependencies: 222
-- Data for Name: Seguros; Type: TABLE DATA; Schema: Seguro; Owner: postgres
--

COPY "Seguro"."Seguros" ("Id", "Nombre", "FechaCreacion", "CreadoPor", "FechaModificacion", "ModificadoPor", "NombreCorto", "DetalleAdicional", "Icono", "Orden", "RecursoId", "Habilitado", "CatTipoSeguroId") FROM stdin;
1	Seguro de Accidentes Personales Individual	\N	\N	\N	\N	Accidentes Personales	Precio único para todas las edades (Edad mínima 18 años y edad máxima 60 años)\n**Cláusula Adicional de Aviso de Siniestro 10 días.**	icon-healthcare	0	3	f	2
2	Seguro de Vida Individual	\N	\N	\N	\N	Vida Individual	Precio único para todas las edades (Edad mínima 18 años y edad máxima 60 años)	icon-family-insurance	0	2	t	1
\.


--
-- TOC entry 3437 (class 0 OID 17006)
-- Dependencies: 214
-- Data for Name: __EFMigrationsHistory; Type: TABLE DATA; Schema: public; Owner: postgres
--

COPY public."__EFMigrationsHistory" ("MigrationId", "ProductVersion") FROM stdin;
20240619214807_inicio	7.0.20
20240619215006_inicio1	7.0.20
20240620061704_modelo-seguros	7.0.20
20240620062614_modelo-seguros2	7.0.20
20240620065615_eliminacion-catsegurodetalle	7.0.20
20240620071157_adicion-campos-faltantes	7.0.20
20240620072746_adicion-campos-faltantes2	7.0.20
20240620073713_campos-faltantes-orden-visible	7.0.20
20240620142614_propiedades-navegacion	7.0.20
20240620145917_propiedad-ruta	7.0.20
20240620155000_propiedades-bannerpagina	7.0.20
20240620193942_modificacion-propiedad-seguros	7.0.20
20240620222712_campo-tiposeguro	7.0.20
20240620225253_cambio-esquema	7.0.20
20240620233310_retiro-ruta-adicion-relaciones	7.0.20
20240625095425_menu-model3	7.0.20
20240625101814_menu-propiedades	7.0.20
20240625102942_menu-propiedades3	7.0.20
20240625105011_menu-propiedades4	7.0.20
20240725193807_actualización-menu-seguro-pagina	7.0.20
20240726135622_actualización-basedomainmodel	7.0.20
20240726135746_actualización-basedomainmodel2	7.0.20
20240726144310_actualización-basedomainmodel3	7.0.20
\.


--
-- TOC entry 3468 (class 0 OID 0)
-- Dependencies: 215
-- Name: CatTipoRecurso_Id_seq; Type: SEQUENCE SET; Schema: Catalogo; Owner: postgres
--

SELECT pg_catalog.setval('"Catalogo"."CatTipoRecurso_Id_seq"', 3, true);


--
-- TOC entry 3469 (class 0 OID 0)
-- Dependencies: 217
-- Name: CatTipoSeccion_Id_seq; Type: SEQUENCE SET; Schema: Catalogo; Owner: postgres
--

SELECT pg_catalog.setval('"Catalogo"."CatTipoSeccion_Id_seq"', 4, true);


--
-- TOC entry 3470 (class 0 OID 0)
-- Dependencies: 235
-- Name: CatTipoSeguro_Id_seq; Type: SEQUENCE SET; Schema: Catalogo; Owner: postgres
--

SELECT pg_catalog.setval('"Catalogo"."CatTipoSeguro_Id_seq"', 3, true);


--
-- TOC entry 3471 (class 0 OID 0)
-- Dependencies: 237
-- Name: MenuPrincipal_Id_seq; Type: SEQUENCE SET; Schema: Menu; Owner: postgres
--

SELECT pg_catalog.setval('"Menu"."MenuPrincipal_Id_seq"', 26, true);


--
-- TOC entry 3472 (class 0 OID 0)
-- Dependencies: 233
-- Name: Datos_Id_seq; Type: SEQUENCE SET; Schema: PaginaDinamica; Owner: postgres
--

SELECT pg_catalog.setval('"PaginaDinamica"."Datos_Id_seq"', 61, true);


--
-- TOC entry 3473 (class 0 OID 0)
-- Dependencies: 219
-- Name: PaginasDinamicas_Id_seq; Type: SEQUENCE SET; Schema: PaginaDinamica; Owner: postgres
--

SELECT pg_catalog.setval('"PaginaDinamica"."PaginasDinamicas_Id_seq"', 3, true);


--
-- TOC entry 3474 (class 0 OID 0)
-- Dependencies: 225
-- Name: Secciones_Id_seq; Type: SEQUENCE SET; Schema: PaginaDinamica; Owner: postgres
--

SELECT pg_catalog.setval('"PaginaDinamica"."Secciones_Id_seq"', 8, true);


--
-- TOC entry 3475 (class 0 OID 0)
-- Dependencies: 231
-- Name: BannerPagina_Id_seq; Type: SEQUENCE SET; Schema: Recurso; Owner: postgres
--

SELECT pg_catalog.setval('"Recurso"."BannerPagina_Id_seq"', 2, true);


--
-- TOC entry 3476 (class 0 OID 0)
-- Dependencies: 223
-- Name: Recursos_Id_seq; Type: SEQUENCE SET; Schema: Recurso; Owner: postgres
--

SELECT pg_catalog.setval('"Recurso"."Recursos_Id_seq"', 1, false);


--
-- TOC entry 3477 (class 0 OID 0)
-- Dependencies: 227
-- Name: Planes_Id_seq; Type: SEQUENCE SET; Schema: Seguro; Owner: postgres
--

SELECT pg_catalog.setval('"Seguro"."Planes_Id_seq"', 2, true);


--
-- TOC entry 3478 (class 0 OID 0)
-- Dependencies: 229
-- Name: SeguroDetalles_Id_seq; Type: SEQUENCE SET; Schema: Seguro; Owner: postgres
--

SELECT pg_catalog.setval('"Seguro"."SeguroDetalles_Id_seq"', 4, true);


--
-- TOC entry 3479 (class 0 OID 0)
-- Dependencies: 221
-- Name: Seguros_Id_seq; Type: SEQUENCE SET; Schema: Seguro; Owner: postgres
--

SELECT pg_catalog.setval('"Seguro"."Seguros_Id_seq"', 2, true);


--
-- TOC entry 3245 (class 2606 OID 17536)
-- Name: CatTipoRecurso PK_CatTipoRecurso; Type: CONSTRAINT; Schema: Catalogo; Owner: postgres
--

ALTER TABLE ONLY "Catalogo"."CatTipoRecurso"
    ADD CONSTRAINT "PK_CatTipoRecurso" PRIMARY KEY ("Id");


--
-- TOC entry 3247 (class 2606 OID 17030)
-- Name: CatTipoSeccion PK_CatTipoSeccion; Type: CONSTRAINT; Schema: Catalogo; Owner: postgres
--

ALTER TABLE ONLY "Catalogo"."CatTipoSeccion"
    ADD CONSTRAINT "PK_CatTipoSeccion" PRIMARY KEY ("Id");


--
-- TOC entry 3277 (class 2606 OID 17491)
-- Name: CatTipoSeguro PK_CatTipoSeguro; Type: CONSTRAINT; Schema: Catalogo; Owner: postgres
--

ALTER TABLE ONLY "Catalogo"."CatTipoSeguro"
    ADD CONSTRAINT "PK_CatTipoSeguro" PRIMARY KEY ("Id");


--
-- TOC entry 3282 (class 2606 OID 17636)
-- Name: MenuPrincipal PK_MenuPrincipal; Type: CONSTRAINT; Schema: Menu; Owner: postgres
--

ALTER TABLE ONLY "Menu"."MenuPrincipal"
    ADD CONSTRAINT "PK_MenuPrincipal" PRIMARY KEY ("Id");


--
-- TOC entry 3275 (class 2606 OID 17147)
-- Name: Datos PK_Datos; Type: CONSTRAINT; Schema: PaginaDinamica; Owner: postgres
--

ALTER TABLE ONLY "PaginaDinamica"."Datos"
    ADD CONSTRAINT "PK_Datos" PRIMARY KEY ("Id");


--
-- TOC entry 3249 (class 2606 OID 17046)
-- Name: PaginasDinamicas PK_PaginasDinamicas; Type: CONSTRAINT; Schema: PaginaDinamica; Owner: postgres
--

ALTER TABLE ONLY "PaginaDinamica"."PaginasDinamicas"
    ADD CONSTRAINT "PK_PaginasDinamicas" PRIMARY KEY ("Id");


--
-- TOC entry 3260 (class 2606 OID 17075)
-- Name: Secciones PK_Secciones; Type: CONSTRAINT; Schema: PaginaDinamica; Owner: postgres
--

ALTER TABLE ONLY "PaginaDinamica"."Secciones"
    ADD CONSTRAINT "PK_Secciones" PRIMARY KEY ("Id");


--
-- TOC entry 3271 (class 2606 OID 17124)
-- Name: BannerPagina PK_BannerPagina; Type: CONSTRAINT; Schema: Recurso; Owner: postgres
--

ALTER TABLE ONLY "Recurso"."BannerPagina"
    ADD CONSTRAINT "PK_BannerPagina" PRIMARY KEY ("Id");


--
-- TOC entry 3256 (class 2606 OID 17062)
-- Name: Recursos PK_Recursos; Type: CONSTRAINT; Schema: Recurso; Owner: postgres
--

ALTER TABLE ONLY "Recurso"."Recursos"
    ADD CONSTRAINT "PK_Recursos" PRIMARY KEY ("Id");


--
-- TOC entry 3263 (class 2606 OID 17093)
-- Name: Planes PK_Planes; Type: CONSTRAINT; Schema: Seguro; Owner: postgres
--

ALTER TABLE ONLY "Seguro"."Planes"
    ADD CONSTRAINT "PK_Planes" PRIMARY KEY ("Id");


--
-- TOC entry 3266 (class 2606 OID 17106)
-- Name: SeguroDetalles PK_SeguroDetalles; Type: CONSTRAINT; Schema: Seguro; Owner: postgres
--

ALTER TABLE ONLY "Seguro"."SeguroDetalles"
    ADD CONSTRAINT "PK_SeguroDetalles" PRIMARY KEY ("Id");


--
-- TOC entry 3253 (class 2606 OID 17054)
-- Name: Seguros PK_Seguros; Type: CONSTRAINT; Schema: Seguro; Owner: postgres
--

ALTER TABLE ONLY "Seguro"."Seguros"
    ADD CONSTRAINT "PK_Seguros" PRIMARY KEY ("Id");


--
-- TOC entry 3243 (class 2606 OID 17010)
-- Name: __EFMigrationsHistory PK___EFMigrationsHistory; Type: CONSTRAINT; Schema: public; Owner: postgres
--

ALTER TABLE ONLY public."__EFMigrationsHistory"
    ADD CONSTRAINT "PK___EFMigrationsHistory" PRIMARY KEY ("MigrationId");


--
-- TOC entry 3278 (class 1259 OID 17642)
-- Name: IX_MenuPrincipal_IdPadre; Type: INDEX; Schema: Menu; Owner: postgres
--

CREATE INDEX "IX_MenuPrincipal_IdPadre" ON "Menu"."MenuPrincipal" USING btree ("IdPadre");


--
-- TOC entry 3279 (class 1259 OID 17748)
-- Name: IX_MenuPrincipal_IdPaginaDinamica; Type: INDEX; Schema: Menu; Owner: postgres
--

CREATE INDEX "IX_MenuPrincipal_IdPaginaDinamica" ON "Menu"."MenuPrincipal" USING btree ("IdPaginaDinamica");


--
-- TOC entry 3280 (class 1259 OID 17749)
-- Name: IX_MenuPrincipal_IdSeguro; Type: INDEX; Schema: Menu; Owner: postgres
--

CREATE INDEX "IX_MenuPrincipal_IdSeguro" ON "Menu"."MenuPrincipal" USING btree ("IdSeguro");


--
-- TOC entry 3272 (class 1259 OID 17161)
-- Name: IX_Datos_RecursoId; Type: INDEX; Schema: PaginaDinamica; Owner: postgres
--

CREATE INDEX "IX_Datos_RecursoId" ON "PaginaDinamica"."Datos" USING btree ("RecursoId");


--
-- TOC entry 3273 (class 1259 OID 17162)
-- Name: IX_Datos_SeccionId; Type: INDEX; Schema: PaginaDinamica; Owner: postgres
--

CREATE INDEX "IX_Datos_SeccionId" ON "PaginaDinamica"."Datos" USING btree ("SeccionId");


--
-- TOC entry 3257 (class 1259 OID 17165)
-- Name: IX_Secciones_CatTipoSeccionId; Type: INDEX; Schema: PaginaDinamica; Owner: postgres
--

CREATE INDEX "IX_Secciones_CatTipoSeccionId" ON "PaginaDinamica"."Secciones" USING btree ("CatTipoSeccionId");


--
-- TOC entry 3258 (class 1259 OID 17166)
-- Name: IX_Secciones_PaginaDinamicaId; Type: INDEX; Schema: PaginaDinamica; Owner: postgres
--

CREATE INDEX "IX_Secciones_PaginaDinamicaId" ON "PaginaDinamica"."Secciones" USING btree ("PaginaDinamicaId");


--
-- TOC entry 3267 (class 1259 OID 17158)
-- Name: IX_BannerPagina_PaginaDinamicaId; Type: INDEX; Schema: Recurso; Owner: postgres
--

CREATE INDEX "IX_BannerPagina_PaginaDinamicaId" ON "Recurso"."BannerPagina" USING btree ("PaginaDinamicaId");


--
-- TOC entry 3268 (class 1259 OID 17159)
-- Name: IX_BannerPagina_RecursoId; Type: INDEX; Schema: Recurso; Owner: postgres
--

CREATE INDEX "IX_BannerPagina_RecursoId" ON "Recurso"."BannerPagina" USING btree ("RecursoId");


--
-- TOC entry 3269 (class 1259 OID 17160)
-- Name: IX_BannerPagina_SeguroId; Type: INDEX; Schema: Recurso; Owner: postgres
--

CREATE INDEX "IX_BannerPagina_SeguroId" ON "Recurso"."BannerPagina" USING btree ("SeguroId");


--
-- TOC entry 3254 (class 1259 OID 17164)
-- Name: IX_Recursos_CatTipoRecursoId; Type: INDEX; Schema: Recurso; Owner: postgres
--

CREATE INDEX "IX_Recursos_CatTipoRecursoId" ON "Recurso"."Recursos" USING btree ("CatTipoRecursoId");


--
-- TOC entry 3261 (class 1259 OID 17163)
-- Name: IX_Planes_SeguroId; Type: INDEX; Schema: Seguro; Owner: postgres
--

CREATE INDEX "IX_Planes_SeguroId" ON "Seguro"."Planes" USING btree ("SeguroId");


--
-- TOC entry 3264 (class 1259 OID 17168)
-- Name: IX_SeguroDetalles_SeguroId; Type: INDEX; Schema: Seguro; Owner: postgres
--

CREATE INDEX "IX_SeguroDetalles_SeguroId" ON "Seguro"."SeguroDetalles" USING btree ("SeguroId");


--
-- TOC entry 3250 (class 1259 OID 17493)
-- Name: IX_Seguros_CatTipoSeguroId; Type: INDEX; Schema: Seguro; Owner: postgres
--

CREATE INDEX "IX_Seguros_CatTipoSeguroId" ON "Seguro"."Seguros" USING btree ("CatTipoSeguroId");


--
-- TOC entry 3251 (class 1259 OID 17430)
-- Name: IX_Seguros_RecursoId; Type: INDEX; Schema: Seguro; Owner: postgres
--

CREATE INDEX "IX_Seguros_RecursoId" ON "Seguro"."Seguros" USING btree ("RecursoId");


--
-- TOC entry 3295 (class 2606 OID 17637)
-- Name: MenuPrincipal FK_MenuPrincipal_MenuPrincipal_IdPadre; Type: FK CONSTRAINT; Schema: Menu; Owner: postgres
--

ALTER TABLE ONLY "Menu"."MenuPrincipal"
    ADD CONSTRAINT "FK_MenuPrincipal_MenuPrincipal_IdPadre" FOREIGN KEY ("IdPadre") REFERENCES "Menu"."MenuPrincipal"("Id") ON DELETE RESTRICT;


--
-- TOC entry 3296 (class 2606 OID 17750)
-- Name: MenuPrincipal FK_MenuPrincipal_PaginasDinamicas_IdPaginaDinamica; Type: FK CONSTRAINT; Schema: Menu; Owner: postgres
--

ALTER TABLE ONLY "Menu"."MenuPrincipal"
    ADD CONSTRAINT "FK_MenuPrincipal_PaginasDinamicas_IdPaginaDinamica" FOREIGN KEY ("IdPaginaDinamica") REFERENCES "PaginaDinamica"."PaginasDinamicas"("Id");


--
-- TOC entry 3297 (class 2606 OID 17755)
-- Name: MenuPrincipal FK_MenuPrincipal_Seguros_IdSeguro; Type: FK CONSTRAINT; Schema: Menu; Owner: postgres
--

ALTER TABLE ONLY "Menu"."MenuPrincipal"
    ADD CONSTRAINT "FK_MenuPrincipal_Seguros_IdSeguro" FOREIGN KEY ("IdSeguro") REFERENCES "Seguro"."Seguros"("Id");


--
-- TOC entry 3293 (class 2606 OID 17148)
-- Name: Datos FK_Datos_Recursos_RecursoId; Type: FK CONSTRAINT; Schema: PaginaDinamica; Owner: postgres
--

ALTER TABLE ONLY "PaginaDinamica"."Datos"
    ADD CONSTRAINT "FK_Datos_Recursos_RecursoId" FOREIGN KEY ("RecursoId") REFERENCES "Recurso"."Recursos"("Id");


--
-- TOC entry 3294 (class 2606 OID 17153)
-- Name: Datos FK_Datos_Secciones_SeccionId; Type: FK CONSTRAINT; Schema: PaginaDinamica; Owner: postgres
--

ALTER TABLE ONLY "PaginaDinamica"."Datos"
    ADD CONSTRAINT "FK_Datos_Secciones_SeccionId" FOREIGN KEY ("SeccionId") REFERENCES "PaginaDinamica"."Secciones"("Id") ON DELETE CASCADE;


--
-- TOC entry 3286 (class 2606 OID 17076)
-- Name: Secciones FK_Secciones_CatTipoSeccion_CatTipoSeccionId; Type: FK CONSTRAINT; Schema: PaginaDinamica; Owner: postgres
--

ALTER TABLE ONLY "PaginaDinamica"."Secciones"
    ADD CONSTRAINT "FK_Secciones_CatTipoSeccion_CatTipoSeccionId" FOREIGN KEY ("CatTipoSeccionId") REFERENCES "Catalogo"."CatTipoSeccion"("Id") ON DELETE CASCADE;


--
-- TOC entry 3287 (class 2606 OID 17081)
-- Name: Secciones FK_Secciones_PaginasDinamicas_PaginaDinamicaId; Type: FK CONSTRAINT; Schema: PaginaDinamica; Owner: postgres
--

ALTER TABLE ONLY "PaginaDinamica"."Secciones"
    ADD CONSTRAINT "FK_Secciones_PaginasDinamicas_PaginaDinamicaId" FOREIGN KEY ("PaginaDinamicaId") REFERENCES "PaginaDinamica"."PaginasDinamicas"("Id") ON DELETE CASCADE;


--
-- TOC entry 3290 (class 2606 OID 17125)
-- Name: BannerPagina FK_BannerPagina_PaginasDinamicas_PaginaDinamicaId; Type: FK CONSTRAINT; Schema: Recurso; Owner: postgres
--

ALTER TABLE ONLY "Recurso"."BannerPagina"
    ADD CONSTRAINT "FK_BannerPagina_PaginasDinamicas_PaginaDinamicaId" FOREIGN KEY ("PaginaDinamicaId") REFERENCES "PaginaDinamica"."PaginasDinamicas"("Id");


--
-- TOC entry 3291 (class 2606 OID 17130)
-- Name: BannerPagina FK_BannerPagina_Recursos_RecursoId; Type: FK CONSTRAINT; Schema: Recurso; Owner: postgres
--

ALTER TABLE ONLY "Recurso"."BannerPagina"
    ADD CONSTRAINT "FK_BannerPagina_Recursos_RecursoId" FOREIGN KEY ("RecursoId") REFERENCES "Recurso"."Recursos"("Id") ON DELETE CASCADE;


--
-- TOC entry 3292 (class 2606 OID 17443)
-- Name: BannerPagina FK_BannerPagina_Seguros_SeguroId; Type: FK CONSTRAINT; Schema: Recurso; Owner: postgres
--

ALTER TABLE ONLY "Recurso"."BannerPagina"
    ADD CONSTRAINT "FK_BannerPagina_Seguros_SeguroId" FOREIGN KEY ("SeguroId") REFERENCES "Seguro"."Seguros"("Id");


--
-- TOC entry 3285 (class 2606 OID 17537)
-- Name: Recursos FK_Recursos_CatTipoRecurso_CatTipoRecursoId; Type: FK CONSTRAINT; Schema: Recurso; Owner: postgres
--

ALTER TABLE ONLY "Recurso"."Recursos"
    ADD CONSTRAINT "FK_Recursos_CatTipoRecurso_CatTipoRecursoId" FOREIGN KEY ("CatTipoRecursoId") REFERENCES "Catalogo"."CatTipoRecurso"("Id") ON DELETE CASCADE;


--
-- TOC entry 3288 (class 2606 OID 17094)
-- Name: Planes FK_Planes_Seguros_SeguroId; Type: FK CONSTRAINT; Schema: Seguro; Owner: postgres
--

ALTER TABLE ONLY "Seguro"."Planes"
    ADD CONSTRAINT "FK_Planes_Seguros_SeguroId" FOREIGN KEY ("SeguroId") REFERENCES "Seguro"."Seguros"("Id") ON DELETE CASCADE;


--
-- TOC entry 3289 (class 2606 OID 17112)
-- Name: SeguroDetalles FK_SeguroDetalles_Seguros_SeguroId; Type: FK CONSTRAINT; Schema: Seguro; Owner: postgres
--

ALTER TABLE ONLY "Seguro"."SeguroDetalles"
    ADD CONSTRAINT "FK_SeguroDetalles_Seguros_SeguroId" FOREIGN KEY ("SeguroId") REFERENCES "Seguro"."Seguros"("Id") ON DELETE CASCADE;


--
-- TOC entry 3283 (class 2606 OID 17494)
-- Name: Seguros FK_Seguros_CatTipoSeguro_CatTipoSeguroId; Type: FK CONSTRAINT; Schema: Seguro; Owner: postgres
--

ALTER TABLE ONLY "Seguro"."Seguros"
    ADD CONSTRAINT "FK_Seguros_CatTipoSeguro_CatTipoSeguroId" FOREIGN KEY ("CatTipoSeguroId") REFERENCES "Catalogo"."CatTipoSeguro"("Id") ON DELETE CASCADE;


--
-- TOC entry 3284 (class 2606 OID 17431)
-- Name: Seguros FK_Seguros_Recursos_RecursoId; Type: FK CONSTRAINT; Schema: Seguro; Owner: postgres
--

ALTER TABLE ONLY "Seguro"."Seguros"
    ADD CONSTRAINT "FK_Seguros_Recursos_RecursoId" FOREIGN KEY ("RecursoId") REFERENCES "Recurso"."Recursos"("Id");


--
-- TOC entry 3467 (class 0 OID 0)
-- Dependencies: 4
-- Name: SCHEMA public; Type: ACL; Schema: -; Owner: postgres
--

REVOKE USAGE ON SCHEMA public FROM PUBLIC;
GRANT ALL ON SCHEMA public TO PUBLIC;


-- Completed on 2024-08-26 07:55:48

--
-- PostgreSQL database dump complete
--

